Suspicious_Account,Fraud_Type
0_800047930,Fan-in
0_80006F150,Fan-in
0_8000719B0,Fan-in
0_800071D50,Fan-in
0_800072CD0,Fan-in
0_800073420,Fan-in
0_800074310,Fan-in
0_800074AD0,Fan-in
0_800075150,Fan-in
0_800075A10,Fan-in
0_800076160,Fan-in
0_8000773B0,Fan-in
0_800106C10,Fan-in
0_80010EFC0,Fan-in
0_800110520,Fan-in
0_800114BB0,Fan-in
0_800117D10,Fan-in
0_800117F00,Fan-in
0_80011B1C0,Fan-in
0_8001405B0,Fan-in
0_800147B00,Fan-in
0_800148380,Fan-in
0_80017B800,Fan-in
0_800194AA0,Fan-in
0_800195470,Fan-in
0_8001A3DD0,Fan-in
0_8001CF4F0,Fan-in
0_8001D7CE0,Fan-in
0_8001E7420,Fan-in
0_8001E9280,Fan-in
0_8001E9480,Fan-in
0_80020BBB0,Fan-in
0_80021E090,Fan-in
0_800229180,Fan-in
0_80022CA40,Fan-in
0_80022F420,Fan-in
0_8002307F0,Fan-in
0_800233EC0,Fan-in
0_8002362E0,Fan-in
0_8002494C0,Fan-in
0_800249E50,Fan-in
0_800249FD0,Fan-in
0_80024A430,Fan-in
0_8002B8F00,Fan-in
0_8002C8E00,Fan-in
0_8002CECE0,Fan-in
0_8002FE180,Fan-in
0_80032D0C0,Fan-in
0_80032DDA0,Fan-in
0_80032E680,Fan-in
0_800330030,Fan-in
0_800331270,Fan-in
0_80033CE60,Fan-in
0_80033FA40,Fan-in
0_800341070,Fan-in
0_800349060,Fan-in
0_80034AEF0,Fan-in
0_80034C1E0,Fan-in
0_80034CBD0,Fan-in
0_800354A00,Fan-in
0_800356090,Fan-in
0_80035A820,Fan-in
0_80035F4C0,Fan-in
0_8003614D0,Fan-in
0_8003634B0,Fan-in
0_8003663A0,Fan-in
0_80036AA30,Fan-in
0_800381730,Fan-in
0_800381ED0,Fan-in
0_80038A0B0,Fan-in
0_80038DCE0,Fan-in
0_80038F680,Fan-in
0_800393A10,Fan-in
0_800394CE0,Fan-in
0_800399080,Fan-in
0_8003A7280,Fan-in
0_8003A8090,Fan-in
0_8003A9C60,Fan-in
0_8003AA570,Fan-in
0_8003BA710,Fan-in
0_8003BD6D0,Fan-in
0_8003BFBB0,Fan-in
0_8003C0FE0,Fan-in
0_8003C6370,Fan-in
0_8003C6BD0,Fan-in
0_8003C7330,Fan-in
0_8003C93C0,Fan-in
0_8003D6130,Fan-in
0_8003E34F0,Fan-in
0_8003EAA10,Fan-in
0_8003EAF90,Fan-in
0_8003EC5F0,Fan-in
0_8003ED890,Fan-in
0_8003ED930,Fan-in
0_8003F0E90,Fan-in
0_8003F3640,Fan-in
0_8003F3CC0,Fan-in
0_8003F48D0,Fan-in
0_8003FBBF0,Fan-in
0_800403CD0,Fan-in
0_8004163D0,Fan-in
0_80041B5F0,Fan-in
0_80041B7E0,Fan-in
0_80041E870,Fan-in
0_800420570,Fan-in
0_800425DA0,Fan-in
0_80042EC70,Fan-in
0_800435180,Fan-in
0_800436210,Fan-in
0_8004465E0,Fan-in
0_80044D880,Fan-in
0_800450310,Fan-in
0_800452D80,Fan-in
0_800456AF0,Fan-in
0_8004575A0,Fan-in
0_800459F30,Fan-in
0_80046B200,Fan-in
0_8004738F0,Fan-in
0_80047B280,Fan-in
0_80047B730,Fan-in
0_80047C870,Fan-in
0_80047CB00,Fan-in
0_80047DB20,Fan-in
0_80047E9D0,Fan-in
0_800481390,Fan-in
0_80048BA10,Fan-in
0_800491A60,Fan-in
0_800493730,Fan-in
0_800496760,Fan-in
0_80049A540,Fan-in
0_80049BD40,Fan-in
0_80049DFD0,Fan-in
0_80049E020,Fan-in
0_8004A4870,Fan-in
0_8004A7230,Fan-in
0_8004A7AF0,Fan-in
0_8004B1120,Fan-in
0_8004BBF20,Fan-in
0_8004BFA80,Fan-in
0_8004C1A90,Fan-in
0_8004C1E20,Fan-in
0_8004E5840,Fan-in
0_8005142A0,Fan-in
0_8005182B0,Fan-in
0_800523B20,Fan-in
0_80052CFF0,Fan-in
0_80052F690,Fan-in
0_80053ECF0,Fan-in
0_80054A330,Fan-in
0_80055B6B0,Fan-in
0_800560FB0,Fan-in
0_800561C00,Fan-in
0_8005720A0,Fan-in
0_800584F30,Fan-in
0_80059D230,Fan-in
0_8005A4DB0,Fan-in
0_8005B6AC0,Fan-in
0_8005BD2A0,Fan-in
0_8005C16E0,Fan-in
0_8005C7920,Fan-in
0_8005DAED0,Fan-in
0_8005E06E0,Fan-in
0_8005F43F0,Fan-in
0_8005F6BD0,Fan-in
0_8005F8D30,Fan-in
0_8006065A0,Fan-in
0_800610C80,Fan-in
0_800613FD0,Fan-in
0_8006190F0,Fan-in
0_80061C190,Fan-in
0_800623A60,Fan-in
0_80063F660,Fan-in
0_80064D320,Fan-in
0_800659C90,Fan-in
0_8006610D0,Fan-in
0_8006613F0,Fan-in
0_8006699C0,Fan-in
0_800674C20,Fan-in
0_800679760,Fan-in
0_80067BCC0,Fan-in
0_8006BEBF0,Fan-in
0_8006C7D30,Fan-in
0_8006DBFC0,Fan-in
0_8006DC060,Fan-in
0_800776DD0,Fan-in
0_800783430,Fan-in
0_800787B90,Fan-in
0_8007926A0,Fan-in
0_80079EEB0,Fan-in
0_8007ABDA0,Fan-in
0_8007B3750,Fan-in
0_8007D4960,Fan-in
0_8007E2F50,Fan-in
0_8007E3990,Fan-in
0_8007E5200,Fan-in
0_8007F5EF0,Fan-in
0_8007F8AC0,Fan-in
0_80080FDC0,Fan-in
0_800878530,Fan-in
0_8008A1200,Fan-in
0_8008E4A30,Fan-in
0_8008EB280,Fan-in
0_80095BF60,Fan-in
0_800965570,Fan-in
0_800969980,Fan-in
0_800976D40,Fan-in
0_800997E70,Fan-in
0_8009998C0,Fan-in
0_80099CFE0,Fan-in
0_8009B22F0,Fan-in
0_8009CD310,Fan-in
0_800A39060,Fan-in
0_800A39480,Fan-in
0_800A49E90,Fan-in
0_800A4F620,Fan-in
0_800A50450,Fan-in
0_800A50800,Fan-in
0_800A68810,Fan-in
0_800A8F090,Fan-in
0_800A8F590,Fan-in
0_800A95710,Fan-in
0_800AAAC60,Fan-in
0_800AB0A90,Fan-in
0_800ABD5D0,Fan-in
0_800ABF260,Fan-in
0_800AE1680,Fan-in
0_800AF7510,Fan-in
0_800AFC840,Fan-in
0_800AFEDC0,Fan-in
0_800B03770,Fan-in
0_800B23DF0,Fan-in
0_800B29860,Fan-in
0_800B2D570,Fan-in
0_800B3A160,Fan-in
0_800B3FDD0,Fan-in
0_800B549F0,Fan-in
0_800B67B60,Fan-in
0_800B6BAF0,Fan-in
0_800B91E30,Fan-in
0_800B94700,Fan-in
0_800BB1CD0,Fan-in
0_800BE0100,Fan-in
0_800BED530,Fan-in
0_800C03190,Fan-in
0_800C5E880,Fan-in
0_800C85C80,Fan-in
0_800C91EF0,Fan-in
0_800C92350,Fan-in
0_800CA2030,Fan-in
0_800CB3D70,Fan-in
0_800CE9300,Fan-in
0_800CFEAD0,Fan-in
0_800CFF5D0,Fan-in
0_800D01840,Fan-in
0_800D20820,Fan-in
0_800D3F750,Fan-in
0_800D645E0,Fan-in
0_800D69DC0,Fan-in
0_800D7AAB0,Fan-in
0_800DBD530,Fan-in
0_800E11F40,Fan-in
0_800E2E0D0,Fan-in
0_800E2F010,Fan-in
0_800E6EEF0,Fan-in
0_800E6F930,Fan-in
0_800E7FB10,Fan-in
0_800E91B40,Fan-in
0_800EA99A0,Fan-in
0_800EB6510,Fan-in
0_800EB6D40,Fan-in
0_800ECCE40,Fan-in
0_800ECFC60,Fan-in
0_800EEAE70,Fan-in
0_800F59BB0,Fan-in
0_800F638C0,Fan-in
0_800F69C70,Fan-in
0_800F73450,Fan-in
0_800F73C50,Fan-in
0_800F87EC0,Fan-in
0_800FA45D0,Fan-in
0_800FA7E90,Fan-in
0_800FAACA0,Fan-in
0_800FB1430,Fan-in
0_800FB3EF0,Fan-in
0_800FFF5E0,Fan-in
0_80103E3A0,Fan-in
0_801054F30,Fan-in
0_80105BF80,Fan-in
0_80106F110,Fan-in
0_801129F90,Fan-in
0_80114D190,Fan-in
0_80114E710,Fan-in
0_801187980,Fan-in
0_8011A4750,Fan-in
0_8012123D0,Fan-in
0_8012C3940,Fan-in
0_8012D96E0,Fan-in
0_801329F40,Fan-in
0_801346120,Fan-in
0_80139EAA0,Fan-in
0_801421ED0,Fan-in
0_801451160,Fan-in
0_80145D8F0,Fan-in
0_80145F630,Fan-in
0_801464C50,Fan-in
0_8014654F0,Fan-in
0_80147E070,Fan-in
0_801480F70,Fan-in
0_80148FDC0,Fan-in
0_8014A7850,Fan-in
0_8014BF8E0,Fan-in
0_8014C32C0,Fan-in
0_8014D0110,Fan-in
0_8014D5860,Fan-in
0_8014E44D0,Fan-in
0_8014F49E0,Fan-in
0_8014FA280,Fan-in
0_80151CEC0,Fan-in
0_80155F2F0,Fan-in
0_801560850,Fan-in
0_801566E00,Fan-in
0_80157FF60,Fan-in
0_80158FB00,Fan-in
0_8015981D0,Fan-in
0_80159A420,Fan-in
0_80159F0A0,Fan-in
0_8015A1E30,Fan-in
0_8015A35D0,Fan-in
0_8015B5410,Fan-in
0_8015C8990,Fan-in
0_801641AE0,Fan-in
0_80165E490,Fan-in
0_8016610E0,Fan-in
0_8016696D0,Fan-in
0_80166FC30,Fan-in
0_801674170,Fan-in
0_80167C2D0,Fan-in
0_801689710,Fan-in
0_80169B810,Fan-in
0_8016AD280,Fan-in
0_8016FD760,Fan-in
0_8017035C0,Fan-in
0_80171D950,Fan-in
0_801724820,Fan-in
0_801734960,Fan-in
0_8017768C0,Fan-in
0_8017ABAC0,Fan-in
0_801818D70,Fan-in
0_801828790,Fan-in
0_8018441F0,Fan-in
0_80184A470,Fan-in
0_80185BD70,Fan-in
0_80185E360,Fan-in
0_801874800,Fan-in
0_8018C8DC0,Fan-in
0_8019960F0,Fan-in
0_8019B23A0,Fan-in
0_8019CBEF0,Fan-in
0_801A092F0,Fan-in
0_801A2FEC0,Fan-in
0_801A3AB80,Fan-in
0_801A7C030,Fan-in
0_801A88490,Fan-in
0_801AF2660,Fan-in
0_801B51AD0,Fan-in
0_801B745B0,Fan-in
0_801BA8680,Fan-in
0_801BC5980,Fan-in
0_801BC78F0,Fan-in
0_801BD2180,Fan-in
0_801BD7ED0,Fan-in
0_801C088A0,Fan-in
0_801C21C00,Fan-in
0_801C2C100,Fan-in
0_801C34460,Fan-in
0_801C61180,Fan-in
0_801C62680,Fan-in
0_801C67500,Fan-in
0_801C6BEA0,Fan-in
0_801C921E0,Fan-in
0_801C96E30,Fan-in
0_801C9C5A0,Fan-in
0_801CB2900,Fan-in
0_801CDE6C0,Fan-in
0_801CF5AF0,Fan-in
0_801D018D0,Fan-in
0_801D286A0,Fan-in
0_801D2BFD0,Fan-in
0_801D32E50,Fan-in
0_801D578A0,Fan-in
0_801D95C30,Fan-in
0_801DA50C0,Fan-in
0_801DAB2D0,Fan-in
0_801DBA560,Fan-in
0_801DC98B0,Fan-in
0_801DCF4A0,Fan-in
0_801DD0020,Fan-in
0_801E08630,Fan-in
0_801E554E0,Fan-in
0_801E55980,Fan-in
0_801E94790,Fan-in
0_801EAE740,Fan-in
0_801EF4330,Fan-in
0_801EFD520,Fan-in
0_801F11D20,Fan-in
0_801F124B0,Fan-in
0_801F2FAA0,Fan-in
0_801F350A0,Fan-in
0_801F39FB0,Fan-in
0_801F8C3A0,Fan-in
0_801F8D320,Fan-in
0_801FFFF90,Fan-in
0_802024930,Fan-in
0_80206DB30,Fan-in
0_80207AAE0,Fan-in
0_8020B7300,Fan-in
0_8021488A0,Fan-in
0_80215CF70,Fan-in
0_802161B40,Fan-in
0_80219EAB0,Fan-in
0_8021A39D0,Fan-in
0_8021C7830,Fan-in
0_8021CB9E0,Fan-in
0_8021EB770,Fan-in
0_8021F7E60,Fan-in
0_80220B1B0,Fan-in
0_802213F40,Fan-in
0_8022A5E00,Fan-in
0_8022A68B0,Fan-in
0_8022BA3D0,Fan-in
0_8022C4C90,Fan-in
0_8022C5E70,Fan-in
0_8022C91B0,Fan-in
0_8022C9B60,Fan-in
0_80230E780,Fan-in
0_802372920,Fan-in
0_80239E840,Fan-in
0_8023DF320,Fan-in
0_8023E1640,Fan-in
0_8024733C0,Fan-in
0_80248EE50,Fan-in
0_8024C3CD0,Fan-in
0_8024D75A0,Fan-in
0_8025602C0,Fan-in
0_802564930,Fan-in
0_8025D6780,Fan-in
0_8025E44A0,Fan-in
0_8026D31E0,Fan-in
0_80271E040,Fan-in
0_802729180,Fan-in
0_802761BD0,Fan-in
0_80277CEA0,Fan-in
0_802787560,Fan-in
0_802793790,Fan-in
0_8027F9F40,Fan-in
0_8028CC440,Fan-in
0_8029437F0,Fan-in
0_802987150,Fan-in
0_80298D900,Fan-in
0_802993CD0,Fan-in
0_8029FCAD0,Fan-in
0_8029FE2B0,Fan-in
0_802A14A30,Fan-in
0_802AB9CD0,Fan-in
0_802ABE5A0,Fan-in
0_802AE8EE0,Fan-in
0_802CF6300,Fan-in
0_802D28FC0,Fan-in
0_802D44870,Fan-in
0_802D8DA50,Fan-in
0_802DB7150,Fan-in
0_802E43B30,Fan-in
0_802E43E40,Fan-in
0_802E8D0D0,Fan-in
0_802E8DE90,Fan-in
0_802E99DF0,Fan-in
0_802EC6E80,Fan-in
0_802F291D0,Fan-in
0_802F4B1D0,Fan-in
0_802F96740,Fan-in
0_802F99BA0,Fan-in
0_802FC6780,Fan-in
0_802FEBB30,Fan-in
0_802FF0850,Fan-in
0_803020330,Fan-in
0_803060670,Fan-in
0_80317C620,Fan-in
0_8031888B0,Fan-in
0_803191AB0,Fan-in
0_8031AFFF0,Fan-in
0_8031F1ED0,Fan-in
0_80321F5C0,Fan-in
0_803420020,Fan-in
0_803424680,Fan-in
0_8034496D0,Fan-in
0_8034D16D0,Fan-in
0_80351C240,Fan-in
0_803560CA0,Fan-in
0_80358E300,Fan-in
0_8035BF1B0,Fan-in
0_803649590,Fan-in
0_8036BE3D0,Fan-in
0_80370C350,Fan-in
0_80371C7F0,Fan-in
0_80377A840,Fan-in
0_80378EDB0,Fan-in
0_80387D5A0,Fan-in
0_803889450,Fan-in
0_8038E70D0,Fan-in
0_8038FCD90,Fan-in
0_8039075C0,Fan-in
0_803932130,Fan-in
0_8039728F0,Fan-in
0_803A89CD0,Fan-in
0_803ADEAB0,Fan-in
0_803B2C750,Fan-in
0_803BFA080,Fan-in
0_803C41980,Fan-in
0_803C90C00,Fan-in
0_803C9BFD0,Fan-in
0_803CF50A0,Fan-in
0_803D0FA40,Fan-in
0_803D6F9B0,Fan-in
0_803D730A0,Fan-in
0_803DA76D0,Fan-in
0_803DECDB0,Fan-in
0_803E03A10,Fan-in
0_803EA4270,Fan-in
0_803F55C90,Fan-in
0_803F9BE20,Fan-in
0_803FA95B0,Fan-in
0_803FB5AF0,Fan-in
0_80404BDA0,Fan-in
0_80406A5D0,Fan-in
0_8041A76B0,Fan-in
0_8041D9DB0,Fan-in
0_8041DB840,Fan-in
0_80420D500,Fan-in
0_804228F70,Fan-in
0_80423BBC0,Fan-in
0_80423E5A0,Fan-in
0_804256080,Fan-in
0_804266DA0,Fan-in
0_8043B6660,Fan-in
0_8044230B0,Fan-in
0_804446EF0,Fan-in
0_80455DD70,Fan-in
0_804562360,Fan-in
0_8045DF670,Fan-in
0_8045EF550,Fan-in
0_8046A6060,Fan-in
0_8047E6770,Fan-in
0_80483AAA0,Fan-in
0_804887AC0,Fan-in
0_80491D0F0,Fan-in
0_804924D20,Fan-in
0_804A82B50,Fan-in
0_804AE78B0,Fan-in
0_804B07F50,Fan-in
0_804B6E2D0,Fan-in
0_804BA00A0,Fan-in
0_804BAA3B0,Fan-in
0_804BE36C0,Fan-in
0_804D091F0,Fan-in
0_804D22070,Fan-in
0_804F8B0E0,Fan-in
0_804FED6F0,Fan-in
0_805036720,Fan-in
0_805158A90,Fan-in
0_8051694B0,Fan-in
0_8051DDAE0,Fan-in
0_8052E6870,Fan-in
0_805342710,Fan-in
0_8053898A0,Fan-in
0_8053B4CD0,Fan-in
0_8056A6960,Fan-in
0_8056CEAC0,Fan-in
0_8056E4670,Fan-in
0_8056E98D0,Fan-in
0_80576A4B0,Fan-in
0_8057AEC70,Fan-in
0_8057F2300,Fan-in
0_805A00900,Fan-in
0_805A0EA20,Fan-in
0_805B24E20,Fan-in
0_805BF3B10,Fan-in
0_805E6F1D0,Fan-in
0_80612B9F0,Fan-in
0_8061BB790,Fan-in
0_806317330,Fan-in
0_806510D40,Fan-in
0_806694620,Fan-in
0_806A70CD0,Fan-in
0_806BCE650,Fan-in
0_806CCD310,Fan-in
0_806D3BC90,Fan-in
0_806EBA120,Fan-in
0_806FEEA50,Fan-in
0_80737B240,Fan-in
0_8073C99D0,Fan-in
0_80755EF80,Fan-in
0_8076D74B0,Fan-in
0_8078B2610,Fan-in
0_8078DE790,Fan-in
0_807971980,Fan-in
0_807AC8FD0,Fan-in
0_807BEAF70,Fan-in
0_807C2DBD0,Fan-in
0_807D954D0,Fan-in
0_807F5CFD0,Fan-in
0_808365250,Fan-in
0_8084CA850,Fan-in
0_80860D860,Fan-in
0_8088C3540,Fan-in
0_8089119F0,Fan-in
0_808AAD610,Fan-in
0_808E1C090,Fan-in
0_808E316B0,Fan-in
0_808E8ABE0,Fan-in
0_808F02850,Fan-in
0_8090F4210,Fan-in
0_8090FFE30,Fan-in
0_80916DF70,Fan-in
0_80926C6F0,Fan-in
0_8092A30B0,Fan-in
0_8092ABDB0,Fan-in
0_80930D6D0,Fan-in
0_809418840,Fan-in
0_809497570,Fan-in
0_8094AC490,Fan-in
0_8095819D0,Fan-in
0_8095E0D00,Fan-in
0_8095F91E0,Fan-in
0_8098C88F0,Fan-in
0_809999E20,Fan-in
0_809CB9240,Fan-in
0_809DDB370,Fan-in
0_80A0D32B0,Fan-in
0_80A53B400,Fan-in
0_80A58BC40,Fan-in
0_80A5CDE90,Fan-in
0_80A632C10,Fan-in
0_80AAB7A60,Fan-in
0_80AAD5620,Fan-in
0_80AE051C0,Fan-in
0_80B029A10,Fan-in
0_80B083000,Fan-in
0_80B18E580,Fan-in
0_80B1D0180,Fan-in
0_80B1F1E00,Fan-in
0_80B373C30,Fan-in
0_80B577CD0,Fan-in
0_80B5971F0,Fan-in
0_80B70E8C0,Fan-in
0_80B71E7D0,Fan-in
0_80B7E8410,Fan-in
0_80B9446E0,Fan-in
0_80C048670,Fan-in
0_80C13DF50,Fan-in
0_80C186400,Fan-in
0_80C199680,Fan-in
0_80C453710,Fan-in
0_80C5A08B0,Fan-in
0_80C7AF2E0,Fan-in
0_80C7B1E20,Fan-in
0_80CB24990,Fan-in
0_80CBC9EF0,Fan-in
0_80CC3BDA0,Fan-in
0_80CD6D050,Fan-in
0_80CF5A810,Fan-in
0_80D108130,Fan-in
0_80D3CCA50,Fan-in
0_80D4049E0,Fan-in
0_80D506790,Fan-in
0_80D71F580,Fan-in
0_80D800A00,Fan-in
0_80E0E7B50,Fan-in
0_80EAF7790,Fan-in
0_80EE79E70,Fan-in
0_80F4B4520,Fan-in
0_80F710FB0,Fan-in
0_80F82EAF0,Fan-in
0_80F8A3470,Fan-in
0_80F9C7990,Fan-in
0_80FD36C90,Fan-in
0_8103EB690,Fan-in
0_810459630,Fan-in
0_81067E020,Fan-in
0_81087ED40,Fan-in
0_810934DD0,Fan-in
0_8109ED8F0,Fan-in
0_810F65000,Fan-in
0_8111D22F0,Fan-in
0_811B048A0,Fan-in
0_811C45500,Fan-in
0_811C90660,Fan-in
0_811DB2040,Fan-in
0_811DCBF60,Fan-in
0_811E9E030,Fan-in
0_8120E3AC0,Fan-in
0_8121CCF40,Fan-in
0_8123A9FC0,Fan-in
0_8124FB650,Fan-in
0_8126B65C0,Fan-in
0_812AA44A0,Fan-in
0_812C516F0,Fan-in
0_812EDB8F0,Fan-in
0_8130E2FD0,Fan-in
0_813125720,Fan-in
0_81337B250,Fan-in
0_8135C2C40,Fan-in
0_81360B880,Fan-in
0_81386EE50,Fan-in
0_8139C56B0,Fan-in
0_8140ECE50,Fan-in
0_81410CDB0,Fan-in
0_814B2A4D0,Fan-in
0_814ED2E70,Fan-in
0_8151320E0,Fan-in
0_8153EC7D0,Fan-in
0_81562D520,Fan-in
0_8160E5480,Fan-in
0_8161E5EE0,Fan-in
0_816697260,Fan-in
0_8167766C0,Fan-in
0_81695DCC0,Fan-in
0_816AF6EB0,Fan-in
0_816B06750,Fan-in
0_816D661C0,Fan-in
0_817274590,Fan-in
0_81764AF10,Fan-in
0_8176E3610,Fan-in
0_817963620,Fan-in
0_817968850,Fan-in
0_817C0FAD0,Fan-in
0_817C6ADA0,Fan-in
0_817F0DE30,Fan-in
0_8180696A0,Fan-in
0_81806A880,Fan-in
0_8181571E0,Fan-in
0_81826E780,Fan-in
0_8184A24D0,Fan-in
0_818854730,Fan-in
0_81905CC20,Fan-in
0_8191B72E0,Fan-in
0_819F44AD0,Fan-in
0_81A4A4BF0,Fan-in
0_81A5025A0,Fan-in
0_81A70B050,Fan-in
0_81AB5A770,Fan-in
0_81AD51AD0,Fan-in
0_81B13C880,Fan-in
0_81B1CDBE0,Fan-in
0_81B238D90,Fan-in
0_81B330C10,Fan-in
0_81B673370,Fan-in
0_81B7C40C0,Fan-in
0_81C24C150,Fan-in
0_81C8E78A0,Fan-in
0_81C92AEB0,Fan-in
0_81C961090,Fan-in
0_81CA370D0,Fan-in
0_81CAC1B70,Fan-in
0_81D548080,Fan-in
0_81E1B1D10,Fan-in
0_81F256670,Fan-in
0_81F326FA0,Fan-in
0_81FB86470,Fan-in
0_81FC2BF20,Fan-in
0_82002E550,Fan-in
0_820190C20,Fan-in
0_820825630,Fan-in
0_820CA49E0,Fan-in
0_821206480,Fan-in
0_821280260,Fan-in
0_8213D65D0,Fan-in
0_8213EFF70,Fan-in
0_8216326F0,Fan-in
0_821EF8FA0,Fan-in
0_8223DBA80,Fan-in
0_8224C3970,Fan-in
0_822963630,Fan-in
0_82376F670,Fan-in
0_82389F500,Fan-in
0_823EF2B00,Fan-in
0_823FA6140,Fan-in
0_825CC6690,Fan-in
0_826807420,Fan-in
0_826E98650,Fan-in
0_8274AC950,Fan-in
0_828144540,Fan-in
0_82898B790,Fan-in
0_8289E2970,Fan-in
0_8299DEFD0,Fan-in
0_82A3EE750,Fan-in
0_82AB69530,Fan-in
0_82B2D38C0,Fan-in
0_82B46F550,Fan-in
0_82B55E140,Fan-in
0_82BE42840,Fan-in
0_82CC87050,Fan-in
0_82CE9ECD0,Fan-in
0_82DA2DA50,Fan-in
0_82E17A390,Fan-in
0_82E581B60,Fan-in
0_82EB93EF0,Fan-in
0_82EC825F0,Fan-in
0_82F7B9560,Fan-in
0_8306716D0,Fan-in
0_8307A9030,Fan-in
0_830BFE1C0,Fan-in
0_831830530,Fan-in
0_831EB6560,Fan-in
0_83222D351,Fan-in
0_832258620,Fan-in
0_83236D270,Fan-in
0_833AEBB70,Fan-in
0_833CA6B70,Fan-in
0_8340BB7C0,Fan-in
0_83478F700,Fan-in
0_834B1AEC0,Fan-in
0_83683DF20,Fan-in
0_8369FB6E0,Fan-in
0_83779D640,Fan-in
0_83807F1B0,Fan-in
0_838389150,Fan-in
0_83844F670,Fan-in
0_838A891C0,Fan-in
0_838F7C530,Fan-in
0_8393C36D0,Fan-in
0_839BE0280,Fan-in
0_839D89480,Fan-in
0_83B7BAE20,Fan-in
0_83C3CE200,Fan-in
0_83C7DFEE0,Fan-in
0_83C9BCC90,Fan-in
0_83F607DE0,Fan-in
0_83F8FAF80,Fan-in
0_8409D5210,Fan-in
0_8413628A0,Fan-in
0_841EB76D0,Fan-in
0_842B7CEB0,Fan-in
0_8433A41F0,Fan-in
0_8433FFC40,Fan-in
0_84416FD20,Fan-in
0_8471F1600,Fan-in
0_848817040,Fan-in
0_8491ACE50,Fan-in
0_84934D150,Fan-in
0_849434DD0,Fan-in
0_849C01910,Fan-in
0_849FAEA80,Fan-in
0_84B20F780,Fan-in
0_84B77DA80,Fan-in
0_84BFE7E50,Fan-in
0_84CA6EA30,Fan-in
0_84E52FEE0,Fan-in
0_84E752D70,Fan-in
0_84EB9EEF0,Fan-in
0_84EBA3A90,Fan-in
0_84ECE19A0,Fan-in
0_84F5D1490,Fan-in
0_84F6D5D30,Fan-in
0_85062EF20,Fan-in
0_8511B94B0,Fan-in
0_851D67E10,Fan-in
100202_824D21DE0,Fan-in
100202_825A034E0,Fan-in
100202_826034DE0,Fan-in
100202_826034E30,Fan-in
100202_8260D8610,Fan-in
100202_8262379F0,Fan-in
100202_826E75FB0,Fan-in
100202_826FEE3A0,Fan-in
100202_8277A4870,Fan-in
100202_82784B650,Fan-in
100202_828030300,Fan-in
100202_8280A47F0,Fan-in
100202_82B656C70,Fan-in
100202_82D0FC020,Fan-in
100202_82D8418E0,Fan-in
100202_82DFFA0E0,Fan-in
100202_82E9B6D50,Fan-in
100202_830509050,Fan-in
100202_83168A580,Fan-in
100202_8339722D0,Fan-in
100202_833BBD170,Fan-in
100202_834AC0940,Fan-in
100202_8361C4F40,Fan-in
100202_83659E7F0,Fan-in
100202_8375AC010,Fan-in
100202_8379674C0,Fan-in
100202_838C9BEA0,Fan-in
100202_83C78D080,Fan-in
100202_83CBD25E0,Fan-in
100202_83E5B8020,Fan-in
100202_83ED44280,Fan-in
100202_8409793F0,Fan-in
100202_840A0C9F0,Fan-in
100202_8461447E0,Fan-in
100202_848554220,Fan-in
100202_848D9AF30,Fan-in
100202_849074B90,Fan-in
100202_84B7DF820,Fan-in
100202_84BD5EBE0,Fan-in
100202_84BE9B260,Fan-in
100202_84CF3B220,Fan-in
100202_84DB06D20,Fan-in
100202_84FDB9EC0,Fan-in
100202_851E69E30,Fan-in
100488_8234EB790,Fan-in
100488_824C75550,Fan-in
100488_824CC75E0,Fan-in
100488_824CE1430,Fan-in
100488_824D3D510,Fan-in
100488_824D6F070,Fan-in
100488_824DEF730,Fan-in
100488_824E7BDC0,Fan-in
100488_8252FB980,Fan-in
100488_825433B70,Fan-in
100488_8254671E0,Fan-in
100488_825473BE0,Fan-in
100488_825488B20,Fan-in
100488_8254A0F80,Fan-in
100488_8255E29D0,Fan-in
100488_82597BF10,Fan-in
100488_825CBF810,Fan-in
100488_825CFD090,Fan-in
100488_825D3D820,Fan-in
100488_825E28B50,Fan-in
100488_826135390,Fan-in
100488_82617CC50,Fan-in
100488_82624A390,Fan-in
100488_8262B0CF0,Fan-in
100488_82630C8D0,Fan-in
100488_8267E4130,Fan-in
100488_826AC6260,Fan-in
100488_826ACA510,Fan-in
100488_826AEE550,Fan-in
100488_826B7FAE0,Fan-in
100488_826DFD530,Fan-in
100488_826E2F3E0,Fan-in
100488_826EC3B50,Fan-in
100488_827027CA0,Fan-in
100488_827037350,Fan-in
100488_8271206D0,Fan-in
100488_827163430,Fan-in
100488_827187AB0,Fan-in
100488_8271D3F30,Fan-in
100488_8277F8960,Fan-in
100488_827811D80,Fan-in
100488_8279475F0,Fan-in
100488_827A057B0,Fan-in
100488_827BFD2D0,Fan-in
100488_8361E89D0,Fan-in
100488_8386B9C10,Fan-in
100488_83F66FDA0,Fan-in
100488_84054DAE0,Fan-in
100488_841A99A30,Fan-in
100488_851F29380,Fan-in
100488_851F83430,Fan-in
100579_824D1BAE0,Fan-in
100579_824D1CFE0,Fan-in
100579_824D65550,Fan-in
100579_824D798E0,Fan-in
100579_824DA0220,Fan-in
100579_824DE0070,Fan-in
100579_824DE00C0,Fan-in
100579_824E5B7F0,Fan-in
100579_824EA7C30,Fan-in
100579_825311490,Fan-in
100579_825498F40,Fan-in
100579_8255B9940,Fan-in
100579_8255BDA90,Fan-in
100579_82574D690,Fan-in
100579_8257509E0,Fan-in
100579_825934620,Fan-in
100579_825BA5810,Fan-in
100579_825CAF170,Fan-in
100579_825DFAE60,Fan-in
100579_825E22720,Fan-in
100579_826082CA0,Fan-in
100579_82612DA00,Fan-in
100579_8261CD0B0,Fan-in
100579_8261D60C0,Fan-in
100579_8262C82E0,Fan-in
100579_8262D7900,Fan-in
100579_82634A800,Fan-in
100579_8263C28F0,Fan-in
100579_8264330B0,Fan-in
100579_82644BDF0,Fan-in
100579_82676A110,Fan-in
100579_82682C6B0,Fan-in
100579_8268B1470,Fan-in
100579_8268F2FD0,Fan-in
100579_8268F40C0,Fan-in
100579_826909650,Fan-in
100579_8269A4AB0,Fan-in
100579_8269F3FC0,Fan-in
100579_826B9DFC0,Fan-in
0_800047930,Fan-out
0_80006C140,Fan-out
0_80006F150,Fan-out
0_8000719B0,Fan-out
0_800071D50,Fan-out
0_800071D51,Fan-out
0_800072CD0,Fan-out
0_800073420,Fan-out
0_800074310,Fan-out
0_800074AD0,Fan-out
0_800075150,Fan-out
0_800075A10,Fan-out
0_800076160,Fan-out
0_8000773B0,Fan-out
0_800106C10,Fan-out
0_80010EFC0,Fan-out
0_800110520,Fan-out
0_800114BB0,Fan-out
0_800117D10,Fan-out
0_800117F00,Fan-out
0_80011B1C0,Fan-out
0_8001405B0,Fan-out
0_800147B00,Fan-out
0_800148380,Fan-out
0_80018B900,Fan-out
0_800193630,Fan-out
0_8001946E0,Fan-out
0_800194AA0,Fan-out
0_800195470,Fan-out
0_8001A3DD0,Fan-out
0_8001CF4F0,Fan-out
0_8001D2C50,Fan-out
0_8001D5A80,Fan-out
0_8001D7CE0,Fan-out
0_8001E7420,Fan-out
0_8001E9280,Fan-out
0_8001E9480,Fan-out
0_80020BBB0,Fan-out
0_80021E090,Fan-out
0_800229180,Fan-out
0_80022A6C0,Fan-out
0_80022CA40,Fan-out
0_80022DE10,Fan-out
0_80022F3D0,Fan-out
0_80022F420,Fan-out
0_8002307F0,Fan-out
0_800233EC0,Fan-out
0_800235380,Fan-out
0_8002362E0,Fan-out
0_8002494C0,Fan-out
0_800249E50,Fan-out
0_8002B8F00,Fan-out
0_8002C8E00,Fan-out
0_8002CECE0,Fan-out
0_8002FE180,Fan-out
0_8002FFE40,Fan-out
0_800328BE0,Fan-out
0_80032A560,Fan-out
0_80032D0C0,Fan-out
0_80032D580,Fan-out
0_80032DDA0,Fan-out
0_800330030,Fan-out
0_800331270,Fan-out
0_800332F80,Fan-out
0_80033CE60,Fan-out
0_80033FA40,Fan-out
0_800341070,Fan-out
0_800349060,Fan-out
0_80034AEF0,Fan-out
0_80034C1E0,Fan-out
0_80034CBD0,Fan-out
0_800354A00,Fan-out
0_800356090,Fan-out
0_8003566A0,Fan-out
0_800359A10,Fan-out
0_80035A820,Fan-out
0_8003614D0,Fan-out
0_8003634B0,Fan-out
0_8003663A0,Fan-out
0_80036AA30,Fan-out
0_800381730,Fan-out
0_800381ED0,Fan-out
0_80038A0B0,Fan-out
0_80038DCE0,Fan-out
0_80038E020,Fan-out
0_80038F680,Fan-out
0_800394CE0,Fan-out
0_8003975E0,Fan-out
0_80039AEB0,Fan-out
0_8003A7280,Fan-out
0_8003A8090,Fan-out
0_8003AA570,Fan-out
0_8003BD6D0,Fan-out
0_8003BFBB0,Fan-out
0_8003C0FE0,Fan-out
0_8003C6370,Fan-out
0_8003C6BD0,Fan-out
0_8003C7330,Fan-out
0_8003C93C0,Fan-out
0_8003CECE0,Fan-out
0_8003D0EB0,Fan-out
0_8003D0F50,Fan-out
0_8003D2AE0,Fan-out
0_8003D4990,Fan-out
0_8003D6130,Fan-out
0_8003D6F70,Fan-out
0_8003E34F0,Fan-out
0_8003EAA10,Fan-out
0_8003EAF90,Fan-out
0_8003EC5F0,Fan-out
0_8003ED5C0,Fan-out
0_8003ED890,Fan-out
0_8003F0E90,Fan-out
0_8003F3640,Fan-out
0_8003F48D0,Fan-out
0_8003F9A20,Fan-out
0_8003FBBF0,Fan-out
0_800403CD0,Fan-out
0_8004163D0,Fan-out
0_800417500,Fan-out
0_80041B5F0,Fan-out
0_80041B7E0,Fan-out
0_80041E870,Fan-out
0_800420520,Fan-out
0_800420570,Fan-out
0_800425DA0,Fan-out
0_80042EC70,Fan-out
0_800435180,Fan-out
0_800436210,Fan-out
0_80044D880,Fan-out
0_80044E400,Fan-out
0_800450310,Fan-out
0_800452D80,Fan-out
0_800459F30,Fan-out
0_80046B200,Fan-out
0_8004738F0,Fan-out
0_80047B280,Fan-out
0_80047B730,Fan-out
0_80047CB00,Fan-out
0_80047DB20,Fan-out
0_80047E9D0,Fan-out
0_800481390,Fan-out
0_800484A50,Fan-out
0_80048BA10,Fan-out
0_80048E6D0,Fan-out
0_800493730,Fan-out
0_800495FC0,Fan-out
0_800496760,Fan-out
0_800497DA0,Fan-out
0_800498A80,Fan-out
0_80049A540,Fan-out
0_80049BD40,Fan-out
0_80049DFD0,Fan-out
0_80049E020,Fan-out
0_8004A4870,Fan-out
0_8004A7230,Fan-out
0_8004A7AF0,Fan-out
0_8004B1120,Fan-out
0_8004B4181,Fan-out
0_8004B61B0,Fan-out
0_8004BBF20,Fan-out
0_8004BFA80,Fan-out
0_8004C1A90,Fan-out
0_8004C1E20,Fan-out
0_8004D4570,Fan-out
0_8004D94B0,Fan-out
0_8004E2A30,Fan-out
0_8005142A0,Fan-out
0_8005182B0,Fan-out
0_800523B20,Fan-out
0_80052CFF0,Fan-out
0_8005343C0,Fan-out
0_800535AC0,Fan-out
0_800536D60,Fan-out
0_800539300,Fan-out
0_80053ECF0,Fan-out
0_80055B6B0,Fan-out
0_800560FB0,Fan-out
0_800561C00,Fan-out
0_80056C250,Fan-out
0_8005720A0,Fan-out
0_800576B30,Fan-out
0_8005825B0,Fan-out
0_800584550,Fan-out
0_800584F30,Fan-out
0_80059D230,Fan-out
0_8005A4DB0,Fan-out
0_8005B6AC0,Fan-out
0_8005B87A0,Fan-out
0_8005C16E0,Fan-out
0_8005C7920,Fan-out
0_8005D3020,Fan-out
0_8005DAED0,Fan-out
0_8005E06E0,Fan-out
0_8005F43F0,Fan-out
0_8005F6BD0,Fan-out
0_8005F8D30,Fan-out
0_8006065A0,Fan-out
0_800610C80,Fan-out
0_800613FD0,Fan-out
0_8006190F0,Fan-out
0_80061C190,Fan-out
0_800623A60,Fan-out
0_80063F660,Fan-out
0_8006422F0,Fan-out
0_80064D320,Fan-out
0_8006610D0,Fan-out
0_8006613F0,Fan-out
0_8006699C0,Fan-out
0_800674C20,Fan-out
0_800679760,Fan-out
0_80067BCC0,Fan-out
0_800687B10,Fan-out
0_8006BEBF0,Fan-out
0_8006BFB40,Fan-out
0_8006C5C10,Fan-out
0_8006C7D30,Fan-out
0_8006CC220,Fan-out
0_8006D44F0,Fan-out
0_8006D4AB0,Fan-out
0_8006DBFC0,Fan-out
0_8007691F0,Fan-out
0_800776DD0,Fan-out
0_80077C7F0,Fan-out
0_80077C8E0,Fan-out
0_800783430,Fan-out
0_800787B90,Fan-out
0_8007926A0,Fan-out
0_80079C1F0,Fan-out
0_80079EEB0,Fan-out
0_8007ABDA0,Fan-out
0_8007B3750,Fan-out
0_8007D4960,Fan-out
0_8007E2F50,Fan-out
0_8007E3990,Fan-out
0_8007E5200,Fan-out
0_8007F5EF0,Fan-out
0_8007F8AC0,Fan-out
0_80080FDC0,Fan-out
0_80082B720,Fan-out
0_8008A1200,Fan-out
0_8008E4A30,Fan-out
0_8008EB280,Fan-out
0_800965570,Fan-out
0_800969980,Fan-out
0_800976D40,Fan-out
0_800997E70,Fan-out
0_8009998C0,Fan-out
0_80099CFE0,Fan-out
0_8009CD310,Fan-out
0_800A39060,Fan-out
0_800A39061,Fan-out
0_800A39480,Fan-out
0_800A45901,Fan-out
0_800A49E90,Fan-out
0_800A4F620,Fan-out
0_800A50450,Fan-out
0_800A50800,Fan-out
0_800A68810,Fan-out
0_800A8F090,Fan-out
0_800A8F590,Fan-out
0_800A95710,Fan-out
0_800AAAC60,Fan-out
0_800AB0A90,Fan-out
0_800ABD5D0,Fan-out
0_800ABF4A0,Fan-out
0_800AE1680,Fan-out
0_800AF7510,Fan-out
0_800AFC840,Fan-out
0_800AFEDC0,Fan-out
0_800B039A0,Fan-out
0_800B23DF0,Fan-out
0_800B29860,Fan-out
0_800B2D570,Fan-out
0_800B517D0,Fan-out
0_800B549F0,Fan-out
0_800B5E7F0,Fan-out
0_800B6BAF0,Fan-out
0_800B6E4D0,Fan-out
0_800B8FC70,Fan-out
0_800B91650,Fan-out
0_800B91E30,Fan-out
0_800B94700,Fan-out
0_800B9E650,Fan-out
0_800BB1CD0,Fan-out
0_800BE0100,Fan-out
0_800BED530,Fan-out
0_800C02660,Fan-out
0_800C03190,Fan-out
0_800C1D930,Fan-out
0_800C5E880,Fan-out
0_800C82320,Fan-out
0_800C85830,Fan-out
0_800C85C80,Fan-out
0_800C91EF0,Fan-out
0_800C92350,Fan-out
0_800CA2030,Fan-out
0_800CB3D70,Fan-out
0_800CC3480,Fan-out
0_800CE9300,Fan-out
0_800CFADB0,Fan-out
0_800CFEAD0,Fan-out
0_800D20820,Fan-out
0_800D645E0,Fan-out
0_800D69DC0,Fan-out
0_800D7AAB0,Fan-out
0_800DA7890,Fan-out
0_800DBD530,Fan-out
0_800E10A80,Fan-out
0_800E11F40,Fan-out
0_800E2E0D0,Fan-out
0_800E6F930,Fan-out
0_800E7FB10,Fan-out
0_800E91B40,Fan-out
0_800EA99A0,Fan-out
0_800EB6510,Fan-out
0_800EB6D40,Fan-out
0_800ECCE40,Fan-out
0_800ECFC60,Fan-out
0_800EEAE70,Fan-out
0_800F38090,Fan-out
0_800F38270,Fan-out
0_800F4C800,Fan-out
0_800F59BB0,Fan-out
0_800F64560,Fan-out
0_800F69C70,Fan-out
0_800F724C0,Fan-out
0_800F73C50,Fan-out
0_800F87EC0,Fan-out
0_800F8B0C0,Fan-out
0_800FA45D0,Fan-out
0_800FA7880,Fan-out
0_800FA7E40,Fan-out
0_800FA7E90,Fan-out
0_800FB1430,Fan-out
0_800FB3EF0,Fan-out
0_800FFF5E0,Fan-out
0_80103E3A0,Fan-out
0_801054F30,Fan-out
0_80105BF80,Fan-out
0_80106F110,Fan-out
0_801070FB0,Fan-out
0_80114CEC0,Fan-out
0_80114D190,Fan-out
0_80114E710,Fan-out
0_801187980,Fan-out
0_8011A4750,Fan-out
0_8012123D0,Fan-out
0_8012138B0,Fan-out
0_801215280,Fan-out
0_80121F2B0,Fan-out
0_8012E6050,Fan-out
0_801329F40,Fan-out
0_80132C550,Fan-out
0_801346120,Fan-out
0_801399420,Fan-out
0_80139EAA0,Fan-out
0_8013F4A50,Fan-out
0_8014077B0,Fan-out
0_8014223F0,Fan-out
0_80145D8F0,Fan-out
0_80145F630,Fan-out
0_801464C50,Fan-out
0_8014654F0,Fan-out
0_801473440,Fan-out
0_80147E070,Fan-out
0_80147EA00,Fan-out
0_80148FDC0,Fan-out
0_8014A7850,Fan-out
0_8014C32C0,Fan-out
0_8014D0110,Fan-out
0_8014D5860,Fan-out
0_8014E44D0,Fan-out
0_8014FA280,Fan-out
0_8014FA2D0,Fan-out
0_80151A370,Fan-out
0_80151CEC0,Fan-out
0_801557C90,Fan-out
0_801560850,Fan-out
0_801566E00,Fan-out
0_80157FF60,Fan-out
0_80158FB00,Fan-out
0_8015981D0,Fan-out
0_80159F0A0,Fan-out
0_8015A1E30,Fan-out
0_8015A35D0,Fan-out
0_8015B5410,Fan-out
0_8015C8990,Fan-out
0_801641AE0,Fan-out
0_80165E490,Fan-out
0_8016696D0,Fan-out
0_8016696D1,Fan-out
0_801674170,Fan-out
0_80167C2D0,Fan-out
0_80167F880,Fan-out
0_80169B810,Fan-out
0_8016A7B60,Fan-out
0_8016A9B90,Fan-out
0_8016B4D31,Fan-out
0_8016B89B0,Fan-out
0_8016C28D0,Fan-out
0_8016CA510,Fan-out
0_8016FD760,Fan-out
0_8017035C0,Fan-out
0_80171D950,Fan-out
0_801724820,Fan-out
0_801734960,Fan-out
0_801755880,Fan-out
0_801759200,Fan-out
0_801775A70,Fan-out
0_80177DCF0,Fan-out
0_8017ABAC0,Fan-out
0_801818D70,Fan-out
0_801828790,Fan-out
0_801828791,Fan-out
0_8018441F0,Fan-out
0_80185BD70,Fan-out
0_80185E360,Fan-out
0_801874800,Fan-out
0_8018C8DC0,Fan-out
0_8019A3FB0,Fan-out
0_8019B23A0,Fan-out
0_8019CBEF0,Fan-out
0_801A092F0,Fan-out
0_801A0E740,Fan-out
0_801A2FEC0,Fan-out
0_801A3AB80,Fan-out
0_801A7C030,Fan-out
0_801A88490,Fan-out
0_801B51AD0,Fan-out
0_801B745B0,Fan-out
0_801BA8480,Fan-out
0_801BA8680,Fan-out
0_801BC5980,Fan-out
0_801BD7ED0,Fan-out
0_801C088A0,Fan-out
0_801C21C00,Fan-out
0_801C2C100,Fan-out
0_801C34460,Fan-out
0_801C61180,Fan-out
0_801C62680,Fan-out
0_801C67500,Fan-out
0_801C6BEA0,Fan-out
0_801C921E0,Fan-out
0_801C96E30,Fan-out
0_801C9C5A0,Fan-out
0_801CB2900,Fan-out
0_801CDE6C0,Fan-out
0_801D018D0,Fan-out
0_801D286A0,Fan-out
0_801D2BFD0,Fan-out
0_801D32E50,Fan-out
0_801D578A0,Fan-out
0_801D691A0,Fan-out
0_801D95C30,Fan-out
0_801DA50C0,Fan-out
0_801DAB2D0,Fan-out
0_801DBA560,Fan-out
0_801DCF4A0,Fan-out
0_801DD0020,Fan-out
0_801E08630,Fan-out
0_801E4C460,Fan-out
0_801E554E0,Fan-out
0_801E94790,Fan-out
0_801EAE740,Fan-out
0_801EF4330,Fan-out
0_801EFD520,Fan-out
0_801F124B0,Fan-out
0_801F350A0,Fan-out
0_801F39FB0,Fan-out
0_801F8C3A0,Fan-out
0_801F8D320,Fan-out
0_801FFFF90,Fan-out
0_802024930,Fan-out
0_80206DB30,Fan-out
0_80207AAE0,Fan-out
0_8021488A0,Fan-out
0_802161B40,Fan-out
0_80219EAB0,Fan-out
0_8021A39D0,Fan-out
0_8021B6860,Fan-out
0_8021C50F0,Fan-out
0_8021C7830,Fan-out
0_8021CB9E0,Fan-out
0_8021EB770,Fan-out
0_8021F7E60,Fan-out
0_8021F9700,Fan-out
0_80220B1B0,Fan-out
0_802213F40,Fan-out
0_8022A68B0,Fan-out
0_8022BA3D0,Fan-out
0_8022C4C90,Fan-out
0_8022C91B0,Fan-out
0_8022C9B60,Fan-out
0_80230E780,Fan-out
0_802372920,Fan-out
0_80239E840,Fan-out
0_8023DF320,Fan-out
0_8023E1640,Fan-out
0_802433AE0,Fan-out
0_8024733C0,Fan-out
0_80248EE50,Fan-out
0_8024A3800,Fan-out
0_8024A3850,Fan-out
0_8024DEBD0,Fan-out
0_8025602C0,Fan-out
0_8025E44A0,Fan-out
0_8026D31E0,Fan-out
0_80271E040,Fan-out
0_802729180,Fan-out
0_802761BD0,Fan-out
0_80277CEA0,Fan-out
0_802787560,Fan-out
0_802793790,Fan-out
0_8027E83B0,Fan-out
0_8027F9F40,Fan-out
0_8028AC730,Fan-out
0_8028CC440,Fan-out
0_8029437F0,Fan-out
0_802987150,Fan-out
0_80298D900,Fan-out
0_802993CD0,Fan-out
0_802995400,Fan-out
0_8029FCAD0,Fan-out
0_8029FE2B0,Fan-out
0_802AB9CD0,Fan-out
0_802ABE5A0,Fan-out
0_802AC8150,Fan-out
0_802AE8EE0,Fan-out
0_802BF38E0,Fan-out
0_802C047C0,Fan-out
0_802D28FC0,Fan-out
0_802D44870,Fan-out
0_802D5B610,Fan-out
0_802D70240,Fan-out
0_802D76220,Fan-out
0_802D8DA50,Fan-out
0_802DB7150,Fan-out
0_802E01AF0,Fan-out
0_802E43B30,Fan-out
0_802E43E40,Fan-out
0_802E8D0D0,Fan-out
0_802E8DE90,Fan-out
0_802E8DE91,Fan-out
0_802E99DF0,Fan-out
0_802EAE3B0,Fan-out
0_802EB06A0,Fan-out
0_802EC6E80,Fan-out
0_802F291D0,Fan-out
0_802F956F0,Fan-out
0_802F96740,Fan-out
0_802F99BA0,Fan-out
0_802FC6780,Fan-out
0_802FEBB30,Fan-out
0_802FF0850,Fan-out
0_802FFFB20,Fan-out
0_803020330,Fan-out
0_803060670,Fan-out
0_80317C620,Fan-out
0_8031888B0,Fan-out
0_803191AB0,Fan-out
0_8031AFFF0,Fan-out
0_8031F1ED0,Fan-out
0_8032E50B0,Fan-out
0_803353160,Fan-out
0_803420020,Fan-out
0_8034496D0,Fan-out
0_803473F60,Fan-out
0_8034D16D0,Fan-out
0_80351C240,Fan-out
0_80358E300,Fan-out
0_8035BE3C0,Fan-out
0_80365A5D0,Fan-out
0_8036BE3D0,Fan-out
0_8036CD580,Fan-out
0_80371C7F0,Fan-out
0_80377A840,Fan-out
0_80378EDB0,Fan-out
0_803889450,Fan-out
0_8038E70D0,Fan-out
0_8038FCD90,Fan-out
0_8039075C0,Fan-out
0_803932130,Fan-out
0_803A3F300,Fan-out
0_803A6EDE0,Fan-out
0_803A89CD0,Fan-out
0_803AACC90,Fan-out
0_803AC6A40,Fan-out
0_803ADEAB0,Fan-out
0_803B2C750,Fan-out
0_803C41980,Fan-out
0_803C9BFD0,Fan-out
0_803CF50A0,Fan-out
0_803D0FA40,Fan-out
0_803D6F9B0,Fan-out
0_803D730A0,Fan-out
0_803D9A130,Fan-out
0_803DECDB0,Fan-out
0_803DFCCC0,Fan-out
0_803EF25A0,Fan-out
0_803F147A0,Fan-out
0_803F55C90,Fan-out
0_803F9BE20,Fan-out
0_803FB5AF0,Fan-out
0_80404BDA0,Fan-out
0_80406A5D0,Fan-out
0_8040E0440,Fan-out
0_804181B70,Fan-out
0_8041D9DB0,Fan-out
0_8041DB840,Fan-out
0_80420D500,Fan-out
0_804228F70,Fan-out
0_804238FC0,Fan-out
0_804256080,Fan-out
0_804266DA0,Fan-out
0_8043B6660,Fan-out
0_8043E0140,Fan-out
0_804446EF0,Fan-out
0_8044E7890,Fan-out
0_80455DD70,Fan-out
0_804562360,Fan-out
0_8045DF670,Fan-out
0_80472C7B0,Fan-out
0_804778410,Fan-out
0_8047E6770,Fan-out
0_80483AAA0,Fan-out
0_804887AC0,Fan-out
0_8048FA6E0,Fan-out
0_80491D0F0,Fan-out
0_804924D20,Fan-out
0_804A82B50,Fan-out
0_804AE78B0,Fan-out
0_804B6E2D0,Fan-out
0_804BA00A0,Fan-out
0_804C08790,Fan-out
0_804D091F0,Fan-out
0_804FBB410,Fan-out
0_804FED6F0,Fan-out
0_805036720,Fan-out
0_805158A90,Fan-out
0_8051694B0,Fan-out
0_8052E6870,Fan-out
0_8052FB7A0,Fan-out
0_805342710,Fan-out
0_8056CEAC0,Fan-out
0_8056E98D0,Fan-out
0_80576A4B0,Fan-out
0_8057AEC70,Fan-out
0_8057F2300,Fan-out
0_8058480B0,Fan-out
0_805A0EA20,Fan-out
0_805BFA690,Fan-out
0_805E6F1D0,Fan-out
0_80610E2C0,Fan-out
0_80612B9F0,Fan-out
0_806131D90,Fan-out
0_8061BB790,Fan-out
0_80630EF30,Fan-out
0_806510D40,Fan-out
0_80678CFC0,Fan-out
0_806A70CD0,Fan-out
0_806BCE650,Fan-out
0_806CCD310,Fan-out
0_8073C99D0,Fan-out
0_80755EF80,Fan-out
0_807564210,Fan-out
0_8076D74B0,Fan-out
0_8077DA170,Fan-out
0_80780F6C0,Fan-out
0_807971980,Fan-out
0_807AC8FD0,Fan-out
0_807BBF650,Fan-out
0_807C2DBD0,Fan-out
0_807D4C3D1,Fan-out
0_807D954D0,Fan-out
0_807E7F790,Fan-out
0_807F5CFD0,Fan-out
0_808116570,Fan-out
0_808365250,Fan-out
0_808471190,Fan-out
0_8085C5650,Fan-out
0_80860D860,Fan-out
0_8089119F0,Fan-out
0_808AAD610,Fan-out
0_808C45C20,Fan-out
0_808E316B0,Fan-out
0_808E8ABE0,Fan-out
0_8090F4210,Fan-out
0_8090FFE30,Fan-out
0_80916DF70,Fan-out
0_80926C6F0,Fan-out
0_8092A30B0,Fan-out
0_8092ABDB0,Fan-out
0_80930D6D0,Fan-out
0_809418840,Fan-out
0_809497570,Fan-out
0_8094AC490,Fan-out
0_8094EE150,Fan-out
0_8095819D0,Fan-out
0_8095E0D00,Fan-out
0_8095F91E0,Fan-out
0_8096154C0,Fan-out
0_8098A1170,Fan-out
0_8098C88F0,Fan-out
0_809999E20,Fan-out
0_809CB9240,Fan-out
0_809D1B810,Fan-out
0_80A3F2E30,Fan-out
0_80A53B400,Fan-out
0_80A58BC40,Fan-out
0_80A5CDE90,Fan-out
0_80A632C10,Fan-out
0_80AAB34E0,Fan-out
0_80AAB7A60,Fan-out
0_80AAD5620,Fan-out
0_80AC331F0,Fan-out
0_80AE051C0,Fan-out
0_80B029A10,Fan-out
0_80B0687E0,Fan-out
0_80B18E580,Fan-out
0_80B1F1E00,Fan-out
0_80B373C30,Fan-out
0_80B577CD0,Fan-out
0_80B5971F0,Fan-out
0_80B5971F1,Fan-out
0_80B70E8C0,Fan-out
0_80B766B80,Fan-out
0_80B7E8410,Fan-out
0_80B860A60,Fan-out
0_80B9446E0,Fan-out
0_80B9BC240,Fan-out
0_80BD9DF20,Fan-out
0_80BEEC5D0,Fan-out
0_80C048670,Fan-out
0_80C13DF50,Fan-out
0_80C453710,Fan-out
0_80C5A08B0,Fan-out
0_80C5C2C70,Fan-out
0_80C7AF2E0,Fan-out
0_80C7FD9A0,Fan-out
0_80CB24990,Fan-out
0_80CBC9EF0,Fan-out
0_80CD6D050,Fan-out
0_80CF62EF0,Fan-out
0_80D37AA40,Fan-out
0_80D3CCA50,Fan-out
0_80D4049E0,Fan-out
0_80D433FE0,Fan-out
0_80D506790,Fan-out
0_80D71F580,Fan-out
0_80D800A00,Fan-out
0_80E0E7B50,Fan-out
0_80EAF7790,Fan-out
0_80ED473F0,Fan-out
0_80F19D680,Fan-out
0_80F82EAF0,Fan-out
0_80F8A3470,Fan-out
0_80F8CF930,Fan-out
0_80F8D1290,Fan-out
0_80FBE03F0,Fan-out
0_80FD36C90,Fan-out
0_80FE16B00,Fan-out
0_80FE26750,Fan-out
0_8103EB690,Fan-out
0_810459630,Fan-out
0_81087ED40,Fan-out
0_810934DD0,Fan-out
0_8109ED8F0,Fan-out
0_8111D22F0,Fan-out
0_8113B7910,Fan-out
0_811822990,Fan-out
0_811B048A0,Fan-out
0_811C90660,Fan-out
0_811DB2040,Fan-out
0_811DCBF60,Fan-out
0_811E9E030,Fan-out
0_8121CCF40,Fan-out
0_8123A9FC0,Fan-out
0_812AA44A0,Fan-out
0_812C516F0,Fan-out
0_812EDB8F0,Fan-out
0_8130E2FD0,Fan-out
0_813125720,Fan-out
0_8132B2A90,Fan-out
0_81337B250,Fan-out
0_81386EE50,Fan-out
0_8139C56B0,Fan-out
0_813DB28C0,Fan-out
0_813E2F460,Fan-out
0_8140ECE50,Fan-out
0_81410CDB0,Fan-out
0_814B2A4D0,Fan-out
0_8151320E0,Fan-out
0_8153962F0,Fan-out
0_8153EC7D0,Fan-out
0_81562D520,Fan-out
0_8160E5480,Fan-out
0_8167766C0,Fan-out
0_81695DCC0,Fan-out
0_816ADDE60,Fan-out
0_816AF6EB0,Fan-out
0_816D661C0,Fan-out
0_816F3D290,Fan-out
0_81764AF10,Fan-out
0_8176E3610,Fan-out
0_817963620,Fan-out
0_8181571E0,Fan-out
0_81826E780,Fan-out
0_8185FFD50,Fan-out
0_818854730,Fan-out
0_81905CC20,Fan-out
0_8191B72E0,Fan-out
0_8191B72E1,Fan-out
0_819F44AD0,Fan-out
0_81A70B050,Fan-out
0_81AB5A770,Fan-out
0_81B2B7DF0,Fan-out
0_81B2DFAD0,Fan-out
0_81B330C10,Fan-out
0_81B673370,Fan-out
0_81BDCE170,Fan-out
0_81C24C150,Fan-out
0_81C8E78A0,Fan-out
0_81C92AEB0,Fan-out
0_81C961090,Fan-out
0_81E9C5AB0,Fan-out
0_81F36B5A0,Fan-out
0_820190C20,Fan-out
0_820825630,Fan-out
0_8208DD7F0,Fan-out
0_821280260,Fan-out
0_8213EFF70,Fan-out
0_8218E7E70,Fan-out
0_821EF8FA0,Fan-out
0_8220C95C0,Fan-out
0_8221F0A00,Fan-out
0_8223DBA80,Fan-out
0_8224C3970,Fan-out
0_822963630,Fan-out
0_823FB6FB0,Fan-out
0_824316020,Fan-out
0_827446560,Fan-out
0_8281D7B70,Fan-out
0_8289E2970,Fan-out
0_82A3789F0,Fan-out
0_82E581B60,Fan-out
0_82E8094C0,Fan-out
0_82EB93EF0,Fan-out
0_82EC825F0,Fan-out
0_8307D51C0,Fan-out
0_830F54120,Fan-out
0_832258620,Fan-out
0_83236D270,Fan-out
0_833CA6B70,Fan-out
0_8340BB7C0,Fan-out
0_83683DF20,Fan-out
0_83698D2B0,Fan-out
0_839BE0280,Fan-out
0_83C4C3130,Fan-out
0_8401566D0,Fan-out
0_8409D5210,Fan-out
0_8473B85D0,Fan-out
0_8486C5FF0,Fan-out
100202_826034DE0,Fan-out
100202_826E75FB0,Fan-out
100202_826FEE3A0,Fan-out
100202_8274FEA90,Fan-out
100202_828030300,Fan-out
100202_8292E1200,Fan-out
100202_82A6AEA80,Fan-out
100202_82B656C70,Fan-out
100202_82D0B5F00,Fan-out
100202_82D0FC020,Fan-out
100202_82D8418E0,Fan-out
100202_82DFFA0E0,Fan-out
100202_830BC3270,Fan-out
100202_834AC0940,Fan-out
100202_8375AC010,Fan-out
100202_83B0D5FB0,Fan-out
100202_83DC2A2E0,Fan-out
100202_8409793F0,Fan-out
100202_84BE9B260,Fan-out
100488_824CE1430,Fan-out
100488_824D3D510,Fan-out
100488_824D8A3B0,Fan-out
100488_8252FB980,Fan-out
100488_825433B70,Fan-out
100488_825488B20,Fan-out
100488_8254A0F80,Fan-out
100488_8255E29D0,Fan-out
100488_825737410,Fan-out
100488_8259652A0,Fan-out
100488_825D3D820,Fan-out
100488_826135390,Fan-out
100488_82617CC50,Fan-out
100488_8261DEA30,Fan-out
100488_82630C8D0,Fan-out
100488_826463620,Fan-out
100488_826A60870,Fan-out
100488_826ACA510,Fan-out
100488_8271D3F30,Fan-out
100488_8275707D0,Fan-out
100488_827696640,Fan-out
100488_83CE598C0,Fan-out
100579_824D1CFE0,Fan-out
100579_824D65550,Fan-out
100579_824DE0070,Fan-out
100579_824DE00C0,Fan-out
100579_824EA7C30,Fan-out
100579_825498F40,Fan-out
100579_8255B9940,Fan-out
100579_8255BDA90,Fan-out
100579_82574D690,Fan-out
100579_825934620,Fan-out
100579_82682C6B0,Fan-out
100579_826909650,Fan-out
100579_826AA2450,Fan-out
100579_826D8EEA0,Fan-out
100579_8277254A0,Fan-out
100579_827762730,Fan-out
100579_827C5E640,Fan-out
100579_848D838D0,Fan-out
100579_851F364A0,Fan-out
10057_803A88340,Fan-out
10057_803AAD5E0,Fan-out
10057_803AC0E20,Fan-out
10057_803BBC7D0,Fan-out
10057_803C430E0,Fan-out
10057_803DB2790,Fan-out
10057_803EC8DD0,Fan-out
10057_803EFA840,Fan-out
10057_803F98740,Fan-out
10057_804006BD0,Fan-out
10057_804123FF0,Fan-out
10057_804140B20,Fan-out
10057_80426E830,Fan-out
10057_804361080,Fan-out
10057_804831150,Fan-out
10057_804A9A670,Fan-out
10057_804AA1E80,Fan-out
10057_804BA8610,Fan-out
10057_804CDE270,Fan-out
10057_804FD83A0,Fan-out
10057_8050F8690,Fan-out
10057_8050FDDE0,Fan-out
10057_8051EB200,Fan-out
10057_8052FA030,Fan-out
10057_8053C1F10,Fan-out
10057_8057046F0,Fan-out
10057_8057F3DE0,Fan-out
10057_805861770,Fan-out
10057_805875BD0,Fan-out
10057_805978CE0,Fan-out
10057_80597E130,Fan-out
10057_8059CC950,Fan-out
10057_805BE6860,Fan-out
10057_805BE70A0,Fan-out
10057_805C58A10,Fan-out
10057_805C731D0,Fan-out
10057_806115140,Fan-out
10057_8062C6540,Fan-out
10057_8064A80B0,Fan-out
10057_806D13C20,Fan-out
10057_806E4D200,Fan-out
10057_8073C4790,Fan-out
10057_807494BC0,Fan-out
10057_8075799A0,Fan-out
10057_80779A360,Fan-out
10057_807C1F860,Fan-out
10057_807C22460,Fan-out
10057_807C57C00,Fan-out
10057_807D36770,Fan-out
10057_808248CC0,Fan-out
10057_80832FB60,Fan-out
10057_808561E40,Fan-out
10057_808A61000,Fan-out
10057_808B309D0,Fan-out
10057_808B36730,Fan-out
10057_808BF9690,Fan-out
10057_808F45F30,Fan-out
10057_8095F6560,Fan-out
10057_809B93C90,Fan-out
10057_809EF3E10,Fan-out
10057_80A0170D0,Fan-out
10057_80A1FF800,Fan-out
10057_80A59A9A0,Fan-out
10057_80A8091A0,Fan-out
10057_80B01E7A0,Fan-out
10057_80B595870,Fan-out
10057_80BB31270,Fan-out
10057_80BDAE620,Fan-out
10057_80C8BB3F0,Fan-out
10057_80C9468B0,Fan-out
10057_80C95B2E0,Fan-out
10057_80CDD41B0,Fan-out
10057_80D18AB60,Fan-out
10057_80D6F8920,Fan-out
10057_80DAC8570,Fan-out
10057_80DB55EC0,Fan-out
10057_80DF917D0,Fan-out
